VehicleNumber,RequestTime_sec,RetryCount
1,7.96813940373658,1
2,10.8656373836761,3
3,16.8093712175305,0
4,21.5558062047248,0
5,25.3214338949609,0
