VehicleNumber,SilentDuration_sec,SilentEndTime_sec
1,9.517392349,62.51739235
2,9.295644593,60.29564459
3,11.09857169,64.09857169
4,12.72722131,72.72722131
5,8.158114383,67.15811438
