VehicleNumber,SilentDuration_sec,SilentEndTime_sec
1,6.23219518324506,65.2321951832451
2,11.4553450598132,66.4553450598132
3,8.47261312721634,68.4726131272163
4,10.0439786009277,69.0439786009277
5,12.4766283764172,60.4766283764172
